City_ID,City,Country,Lat,Lng,Max Temp,Humidity,Cloudiness,Wind Speed,Current Description
0,Punta Arenas,CL,-53.15,-70.9167,44.6,93,90,5.75,light rain
1,Hobart,AU,-42.8794,147.3294,66.2,45,40,18.41,scattered clouds
2,Ushuaia,AR,-54.8,-68.3,46.4,76,75,12.66,broken clouds
3,Baykit,RU,61.67,96.37,36.16,61,64,4.74,broken clouds
4,Ponta Delgada,PT,37.7333,-25.6667,57.2,88,75,8.05,broken clouds
5,Avarua,CK,-21.2078,-159.775,80.6,78,20,5.75,few clouds
6,Zhanaozen,KZ,43.3,52.8,67.77,35,19,10.16,few clouds
7,Barrow,US,71.2906,-156.7887,21.2,79,1,11.5,clear sky
8,Virginia Beach,US,36.8529,-75.978,57.99,54,1,5.75,clear sky
9,Ulladulla,AU,-35.35,150.4667,71.6,37,0,4.61,clear sky
10,Richards Bay,ZA,-28.783,32.0377,63.63,91,2,4.14,clear sky
11,Sao Jose Da Coroa Grande,BR,-8.8978,-35.1478,77.99,82,43,7.34,scattered clouds
12,Kapaa,US,22.0752,-159.319,75.2,73,40,13.8,light rain
13,Bubaque,GW,11.2833,-15.8333,77.2,68,22,11.41,few clouds
14,Beisfjord,NO,68.3751,17.5988,32.0,86,75,1.14,light snow
15,Gussago,IT,45.5836,10.1572,59.0,67,0,1.74,clear sky
16,Santiago Del Estero,AR,-27.7951,-64.2615,59.86,67,0,6.4,clear sky
17,Hermanus,ZA,-34.4187,19.2345,60.01,92,1,7.0,clear sky
18,Katsuura,JP,35.1333,140.3,63.0,25,20,17.27,few clouds
19,San Francisco,US,37.7749,-122.4194,53.6,71,40,9.22,scattered clouds
20,Saint-Philippe,RE,-21.3585,55.7679,78.8,65,0,13.8,light rain
21,Bathsheba,BB,13.2167,-59.5167,78.8,61,40,14.97,scattered clouds
22,Kavieng,PG,-2.5744,150.7967,84.27,66,95,3.2,overcast clouds
23,Dzhebariki-Khaya,RU,62.2167,135.8,33.06,94,100,6.24,light snow
24,Fairbanks,US,64.8378,-147.7164,64.4,20,1,4.61,clear sky
25,Sobolevo,RU,54.4299,31.8996,31.78,77,11,7.56,few clouds
26,Harper,LR,4.375,-7.7169,75.63,88,98,4.47,overcast clouds
27,Kruisfontein,ZA,-34.0033,24.7314,64.15,57,100,2.91,overcast clouds
28,Fortuna,US,40.5982,-124.1573,50.0,93,90,2.51,overcast clouds
29,Butaritari,KI,3.0707,172.7902,83.17,73,16,11.52,few clouds
30,Jamestown,US,42.097,-79.2353,33.01,80,1,8.05,clear sky
31,Mataura,NZ,-46.1927,168.8643,48.0,70,98,20.0,overcast clouds
32,Petropavlovsk-Kamchatskiy,RU,53.0452,158.6483,37.4,100,90,11.18,overcast clouds
33,Saint-Leu,RE,-21.15,55.2833,78.8,69,0,18.41,clear sky
34,Padang,ID,-0.9492,100.3543,87.8,66,40,5.75,scattered clouds
35,Port Elizabeth,ZA,-33.918,25.5701,59.0,88,0,2.3,clear sky
36,Qaanaaq,GL,77.484,-69.3632,28.04,63,8,9.17,clear sky
37,Hithadhoo,MV,-0.6,73.0833,82.6,67,63,4.47,broken clouds
38,Faya,SA,18.3851,42.4509,62.6,63,40,6.51,scattered clouds
39,Sitka,US,57.0531,-135.33,55.4,50,1,3.44,clear sky
40,Hofn,IS,64.2539,-15.2082,42.75,69,10,13.38,clear sky
41,Rikitea,PF,-23.1203,-134.9692,77.88,74,28,4.79,scattered clouds
42,Nyrob,RU,60.733,56.7202,36.63,90,100,7.94,overcast clouds
43,Namibe,AO,-15.1961,12.1522,74.82,70,0,9.24,clear sky
44,Great Yarmouth,GB,52.6083,1.7305,42.8,61,90,5.75,overcast clouds
45,Carnarvon,AU,-24.8667,113.6333,93.2,18,0,5.75,clear sky
46,Sao Filipe,CV,14.8961,-24.4956,71.98,70,99,8.77,overcast clouds
47,Salinas,US,36.6777,-121.6555,55.4,71,90,8.05,overcast clouds
48,Haines Junction,CA,60.7522,-137.5108,46.4,34,0,4.61,clear sky
49,Makakilo City,US,21.3469,-158.0858,80.01,57,20,9.22,few clouds
50,Buraydah,SA,26.326,43.975,73.4,53,20,4.61,few clouds
51,Hilo,US,19.7297,-155.09,73.4,83,90,6.91,moderate rain
52,Mar Del Plata,AR,-38.0023,-57.5575,60.01,88,75,7.85,broken clouds
53,Corn Island,NI,12.1694,-83.0418,80.58,77,5,12.35,clear sky
54,Skibbereen,IE,51.55,-9.2667,42.8,75,20,9.22,few clouds
55,Batagay-Alyta,RU,67.8006,130.4114,30.07,89,100,4.16,overcast clouds
56,Leirvik,NO,59.7798,5.5005,39.99,70,75,2.3,broken clouds
57,Mahebourg,MU,-20.4081,57.7,77.0,88,75,14.97,light rain
58,Comodoro Rivadavia,AR,-45.8667,-67.5,53.6,71,0,4.61,clear sky
59,Tuktoyaktuk,CA,69.4541,-133.0374,12.2,79,90,12.66,snow
60,Nikolskoye,RU,59.7035,30.7861,39.0,87,90,11.18,overcast clouds
61,Thompson,CA,55.7435,-97.8558,30.2,93,90,3.44,light snow
62,Havoysund,NO,70.9963,24.6622,32.0,86,75,5.75,light snow
63,Port Blair,IN,11.6667,92.75,86.79,57,77,4.18,broken clouds
64,Tautira,PF,-17.7333,-149.15,82.0,74,20,6.91,light rain
65,Lebu,CL,-37.6167,-73.65,54.14,93,24,9.82,few clouds
66,Bluff,NZ,-46.6,168.3333,48.0,70,84,20.0,broken clouds
67,Half Moon Bay,US,37.4636,-122.4286,51.8,93,20,3.44,few clouds
68,Talaja,IN,21.35,72.05,87.8,30,40,3.44,smoke
69,Ponta Do Sol,PT,32.6667,-17.1,59.0,84,45,5.01,scattered clouds
70,Sadat,IN,25.6833,83.2833,89.6,35,63,3.44,haze
71,Lagoa,PT,39.05,-27.9833,58.8,85,100,10.63,overcast clouds
72,Husavik,IS,66.0449,-17.3389,35.6,87,75,8.05,broken clouds
73,Havelock,US,34.8791,-76.9013,55.99,93,75,3.58,broken clouds
74,Port Alfred,ZA,-33.5906,26.891,71.19,44,93,7.58,overcast clouds
75,Anadyr,RU,64.75,177.4833,26.6,93,75,2.82,fog
76,Coquimbo,CL,-29.9533,-71.3436,53.6,87,0,2.3,clear sky
77,Batsfjord,NO,70.6345,29.7185,28.4,74,75,10.36,broken clouds
78,Manaus,BR,-3.1019,-60.025,80.6,89,0,3.44,clear sky
79,Albany,US,42.6001,-73.9662,44.01,51,54,14.0,broken clouds
80,Busselton,AU,-33.65,115.3333,77.0,48,99,4.0,overcast clouds
81,Constantine,DZ,36.365,6.6147,53.6,71,0,5.75,clear sky
82,Paranaiba,BR,-19.6772,-51.1908,67.42,55,52,6.04,broken clouds
83,Bredasdorp,ZA,-34.5322,20.0403,51.8,93,93,2.3,overcast clouds
84,Cafe,PH,15.3369,120.7062,87.8,58,75,9.22,broken clouds
85,Ancud,CL,-41.8697,-73.8203,52.0,100,90,5.75,fog
86,Georgetown,MY,5.4112,100.3354,87.8,70,40,2.3,scattered clouds
87,Iqaluit,CA,63.7506,-68.5145,32.0,93,90,3.44,light snow
88,Pismo Beach,US,35.1428,-120.6413,51.8,87,90,4.61,overcast clouds
89,Egvekinot,RU,66.3167,-179.1667,29.05,89,15,0.43,few clouds
90,Ostrovnoy,RU,68.0531,39.5131,31.37,94,100,22.91,light snow
91,Saskylakh,RU,71.9167,114.0833,14.68,90,100,21.54,overcast clouds
92,Esperance,AU,-33.8667,121.9,84.2,21,36,14.97,scattered clouds
93,Yulara,AU,-25.2406,130.9889,75.2,23,0,14.97,clear sky
94,Hvolsvollur,IS,63.7533,-20.2243,40.08,79,3,5.48,clear sky
95,Gat,IL,31.61,34.7642,66.99,100,17,13.62,few clouds
96,Kozulka,UA,50.0351,23.797,30.2,93,8,2.24,clear sky
97,Victoria,HK,22.2855,114.1577,75.0,78,100,3.0,overcast clouds
98,Puerto Ayora,EC,-0.7393,-90.3518,74.73,87,4,6.85,clear sky
99,Humaita,BR,-7.5061,-63.0208,74.19,97,89,2.53,overcast clouds
100,Sao Gabriel Da Cachoeira,BR,-0.1303,-67.0892,73.65,98,99,1.28,overcast clouds
101,Inhambupe,BR,-11.7844,-38.3531,70.88,97,96,4.07,overcast clouds
102,Fengcheng,CN,40.4536,124.0717,68.18,26,100,11.59,overcast clouds
103,Tygda,RU,53.1167,126.3333,62.42,23,100,8.66,overcast clouds
104,Morondava,MG,-20.2833,44.2833,75.11,75,100,5.53,overcast clouds
105,Cam Ranh,VN,11.9214,109.1591,87.8,66,20,8.05,few clouds
106,Longyearbyen,SJ,78.2186,15.6401,14.0,67,20,1.14,few clouds
107,Yellowknife,CA,62.456,-114.3525,8.6,78,90,12.66,light snow
108,Torbay,CA,47.6666,-52.7314,39.99,70,1,5.75,clear sky
109,Anastacio,BR,-20.4836,-55.8069,66.9,96,99,4.32,overcast clouds
110,New Bern,US,35.1085,-77.0441,54.0,94,75,3.65,broken clouds
111,Arman,RU,59.7,150.1667,26.24,63,11,4.16,few clouds
112,Broadford,AU,-37.2,145.0667,62.01,70,10,7.0,clear sky
113,Iquitos,PE,-3.7481,-73.2472,78.8,89,0,4.61,clear sky
114,Rameswaram,IN,9.2833,79.3,84.29,71,19,9.51,few clouds
115,Katol,IN,21.2667,78.5833,93.2,12,40,4.61,haze
116,Jalu,LY,29.0331,21.5482,59.02,64,0,7.74,clear sky
117,Vaini,TO,-21.2,-175.2,82.4,89,75,4.61,light rain
118,Sabya,SA,17.1495,42.6254,87.8,62,40,3.51,scattered clouds
119,Cape Town,ZA,-33.9258,18.4232,62.01,88,75,12.66,broken clouds
120,Atuona,PF,-9.8,-139.0333,79.84,77,71,17.81,light rain
121,Omsukchan,RU,62.5333,155.8,19.72,65,100,3.06,overcast clouds
122,Khandbari,NP,27.3747,87.2039,88.61,12,4,2.66,clear sky
123,San Cristobal,VE,7.7669,-72.225,69.04,74,61,1.86,broken clouds
124,Sangar,RU,63.9242,127.4739,30.94,97,100,13.47,light snow
125,Roald,NO,62.5833,6.1333,35.6,87,10,17.27,clear sky
126,Margate,GB,51.3813,1.3862,43.0,68,11,3.0,few clouds
127,Port Hedland,AU,-20.3167,118.5667,91.4,12,0,14.97,clear sky
128,Vila Velha,BR,-20.3297,-40.2925,77.0,83,0,2.3,clear sky
129,Ambilobe,MG,-13.2,49.05,73.18,82,91,3.11,overcast clouds
130,Nouakchott,MR,18.0858,-15.9785,68.0,68,0,13.8,clear sky
131,Yidu,CN,24.1614,115.1328,67.69,87,100,2.15,overcast clouds
132,Matay,EG,28.419,30.7792,62.89,73,0,11.54,clear sky
133,Skjervoy,NO,70.0311,20.9714,32.0,86,75,5.75,broken clouds
134,Pittsfield,US,42.4501,-73.2454,42.01,60,1,19.57,clear sky
135,Kaeo,NZ,-35.1,173.7833,64.99,71,16,5.99,few clouds
136,Kambove,CD,-10.8764,26.5969,57.85,88,66,2.06,broken clouds
137,Kodiak,US,57.79,-152.4072,42.8,81,1,9.22,clear sky
138,Marsaxlokk,MT,35.8419,14.5431,54.0,94,0,5.75,clear sky
139,Ipixuna,BR,-1.7625,-48.8043,77.0,94,75,2.3,light rain
140,Bilma,NE,18.6853,12.9164,84.6,13,5,8.1,clear sky
141,Marica,BR,-22.9194,-42.8186,73.0,88,0,2.3,clear sky
142,Chokurdakh,RU,70.6333,147.9167,30.9,98,100,10.63,light snow
143,Tocopilla,CL,-22.092,-70.1979,64.98,68,9,1.79,clear sky
144,Nioro,GM,13.35,-15.75,74.34,38,11,8.1,few clouds
145,Baraboo,US,43.4711,-89.7443,41.0,60,90,12.66,overcast clouds
146,Portland,US,45.5234,-122.6762,53.6,66,75,4.61,broken clouds
147,East London,ZA,-33.0153,27.9116,66.2,52,0,5.75,clear sky
148,Brewster,US,41.3973,-73.6171,53.6,50,40,5.75,scattered clouds
149,Norman Wells,CA,65.282,-126.8329,28.4,46,40,6.91,scattered clouds
150,Upernavik,GL,72.7868,-56.1549,26.85,75,40,4.72,scattered clouds
151,Beroroha,MG,-21.6667,45.1667,70.83,78,40,4.12,scattered clouds
152,Marsa Matruh,EG,31.3525,27.2453,66.2,68,40,12.66,scattered clouds
153,Tres Lagoas,BR,-20.7511,-51.6783,69.82,59,98,5.84,overcast clouds
154,Tuatapere,NZ,-46.1333,167.6833,46.99,71,93,17.0,overcast clouds
155,Clyde River,CA,70.4692,-68.5914,23.0,93,90,10.36,overcast clouds
156,Severo-Kurilsk,RU,50.6789,156.125,31.86,97,100,15.05,snow
157,Marienburg,PL,54.0359,19.0266,30.99,85,88,5.77,overcast clouds
158,Polis,CY,35.0367,32.4264,57.2,67,40,5.75,scattered clouds
159,Berlevag,NO,70.8578,29.0864,33.8,86,75,8.05,broken clouds
160,Shenjiamen,CN,29.9576,122.298,63.37,77,8,8.37,clear sky
161,Axim,GH,4.8699,-2.2405,79.92,84,100,5.3,overcast clouds
162,Wanning,CN,18.8003,110.3967,84.31,69,99,11.65,light rain
163,Natal,BR,-5.795,-35.2094,78.8,83,20,6.91,few clouds
164,Kismayo,SO,-0.3582,42.5454,83.25,74,78,10.54,broken clouds
165,Balkanabat,TM,39.5108,54.3671,77.88,27,5,4.09,clear sky
166,Mabai,CN,23.0128,104.4508,69.94,81,83,5.08,moderate rain
167,Grand Baie,MU,-20.0182,57.5802,77.0,85,100,5.99,light rain
168,Rawson,AR,-43.3002,-65.1023,59.29,52,28,17.43,scattered clouds
169,Avera,US,33.194,-82.5271,59.0,67,1,8.05,clear sky
170,Airai,TL,-8.9266,125.4092,74.25,39,36,2.98,scattered clouds
171,Kloulklubed,PW,7.0419,134.2556,86.0,74,75,16.11,broken clouds
172,Castro,BR,-24.7911,-50.0119,55.74,96,80,2.53,broken clouds
173,Bereda,ES,43.2686,-7.5406,48.0,100,98,1.01,overcast clouds
174,Ribeira Grande,PT,38.5167,-28.7,59.0,72,20,4.61,few clouds
175,Codrington,AU,-38.2667,141.9667,60.84,66,100,11.07,overcast clouds
176,Khatanga,RU,71.9667,102.5,16.77,86,100,17.02,overcast clouds
177,Kaitangata,NZ,-46.2817,169.8464,48.0,66,100,4.0,overcast clouds
178,San Jose,US,37.3394,-121.895,53.6,71,75,8.05,broken clouds
179,Pecos,US,31.4229,-103.4932,80.6,22,1,14.97,clear sky
180,Phek,IN,25.6667,94.5,83.61,14,81,0.58,broken clouds
181,Astana,KZ,51.1801,71.446,57.2,58,0,8.95,clear sky
182,Krasnogorsk,RU,55.8225,37.3181,33.8,75,0,15.66,clear sky
183,Talnakh,RU,69.4865,88.3972,10.36,85,98,8.66,overcast clouds
184,Taseyevo,RU,57.2169,94.8978,37.42,95,100,8.03,overcast clouds
185,Burnie,AU,-41.0667,145.9167,59.0,64,15,15.01,few clouds
186,Manggar,ID,-2.8833,108.2667,86.58,61,21,9.08,few clouds
187,Cidreira,BR,-30.1811,-50.2056,63.91,64,65,12.66,broken clouds
188,Naze,JP,28.3667,129.4833,75.2,69,40,19.57,scattered clouds
189,Yumen,CN,40.2833,97.2,51.46,9,7,19.17,clear sky
190,Moranbah,AU,-22.0016,148.0466,79.54,37,37,14.29,scattered clouds
191,Huarmey,PE,-10.0681,-78.1522,67.19,85,10,9.15,clear sky
192,Kaeng Khoi,TH,14.5862,100.9976,95.0,61,51,8.1,broken clouds
193,Mae Ramat,TH,16.984,98.5166,86.0,70,20,2.3,few clouds
194,Poya,NC,-21.35,165.15,76.19,70,78,11.45,broken clouds
195,Lata,PT,40.1629,-8.3327,57.2,88,40,5.75,scattered clouds
196,Doume,CM,4.2333,13.45,68.49,86,52,0.34,broken clouds
197,Fuerte Olimpo,PY,-21.0415,-57.8738,69.53,73,100,3.87,overcast clouds
198,Kirkwood,US,38.5834,-90.4068,57.99,65,19,9.57,few clouds
199,Xingcheng,CN,40.6167,120.7167,60.84,34,91,15.03,overcast clouds
200,Bandipur,NP,27.9333,84.4167,88.88,8,0,2.71,clear sky
201,Gazli,UZ,40.1333,63.45,72.43,17,0,23.58,clear sky
202,Hami,CN,42.8,93.45,51.48,10,54,4.41,broken clouds
203,Parit Buntar,MY,5.1267,100.4932,89.6,74,20,2.3,few clouds
204,Lorengau,PG,-2.0226,147.2712,85.35,66,92,2.28,overcast clouds
205,Broken Hill,AU,-31.95,141.4333,69.8,37,0,11.5,clear sky
206,Tazovskiy,RU,67.4667,78.7,24.12,92,100,13.44,overcast clouds
207,Necochea,AR,-38.5473,-58.7368,55.0,92,48,4.07,scattered clouds
208,Great Bend,US,38.3645,-98.7648,66.99,68,1,20.71,clear sky
209,Shingu,JP,33.7333,135.9833,62.6,45,0,18.41,clear sky
210,Hovd,MN,48.0056,91.6419,36.57,19,1,2.42,clear sky
211,Along,IN,28.1667,94.7667,92.23,23,17,0.72,few clouds
212,Shelburne,CA,44.0787,-80.2041,34.0,75,31,11.54,scattered clouds
213,Ust-Ilimsk,RU,58.0006,102.6619,39.27,71,100,12.68,light snow
214,Alofi,NU,-19.0595,-169.9187,84.2,74,84,3.44,broken clouds
215,Ondjiva,AO,-17.0667,15.7333,59.49,41,2,6.08,clear sky
216,Veraval,IN,20.9,70.3667,88.57,50,1,11.97,clear sky
217,Mossendjo,CG,-2.9506,12.7261,69.26,99,46,1.14,light rain
218,San Pedro,PH,14.35,121.0167,87.8,66,40,8.05,scattered clouds
219,Bethel,US,41.3712,-73.414,53.6,50,40,5.75,scattered clouds
220,Sao Lourenco,BR,-22.1164,-45.0544,57.4,79,47,1.97,scattered clouds
221,Maniitsoq,GL,65.4167,-52.9,38.57,77,100,4.83,overcast clouds
222,Challapata,BO,-18.9,-66.7667,38.44,26,0,0.49,clear sky
223,Marsh Harbour,BS,26.5412,-77.0636,77.85,75,0,9.93,clear sky
224,Pangnirtung,CA,66.1451,-65.7125,29.16,80,98,7.05,overcast clouds
225,San Jeronimo,PE,-11.9472,-75.2829,50.97,87,99,2.8,overcast clouds
226,Souillac,MU,-20.5167,57.5167,77.0,88,75,14.97,light rain
227,Snezhnogorsk,RU,69.1933,33.2531,30.2,86,20,6.71,few clouds
228,Provideniya,RU,64.3833,-173.3,33.8,75,0,6.71,clear sky
229,Blind River,CA,46.1834,-82.9582,32.0,55,1,8.05,clear sky
230,Geraldton,AU,-28.7667,114.6,86.0,26,2,11.5,clear sky
231,Mandalgovi,MN,45.7625,106.2708,33.15,68,80,32.17,broken clouds
232,Emba,KZ,48.8264,58.1442,59.18,53,100,11.36,overcast clouds
233,Hasaki,JP,35.7333,140.8333,66.0,26,20,10.36,few clouds
234,Plouzane,FR,48.3833,-4.6167,44.6,87,75,19.57,broken clouds
235,Ilulissat,GL,69.2167,-51.1,48.2,43,75,27.63,broken clouds
236,Gorodishche,RU,48.8045,44.4744,44.6,65,0,6.71,clear sky
237,Tura,IN,25.5198,90.2201,95.65,19,19,6.38,few clouds
238,Dongsheng,CN,39.8161,109.9776,49.87,11,8,27.09,clear sky
239,Arraial Do Cabo,BR,-22.9661,-42.0278,74.03,87,56,8.88,broken clouds
240,Isiro,CD,2.7739,27.616,65.55,99,100,2.01,overcast clouds
241,Talcahuano,CL,-36.7167,-73.1167,55.4,94,40,9.22,scattered clouds
242,Constitucion,CL,-35.3333,-72.4167,56.39,77,0,8.28,clear sky
243,Chuy,UY,-33.6971,-53.4616,58.84,80,55,8.32,broken clouds
244,Lavrentiya,RU,65.5833,-171.0,32.97,92,97,0.56,overcast clouds
245,Moerai,PF,-22.4333,-151.3333,76.82,60,73,5.84,broken clouds
246,Havre-Saint-Pierre,CA,50.2334,-63.5986,35.6,87,40,9.22,scattered clouds
247,Tubmanburg,LR,6.8708,-10.8172,75.11,96,95,0.27,overcast clouds
248,Lompoc,US,34.6391,-120.4579,51.8,87,100,4.61,overcast clouds
249,Nisia Floresta,BR,-6.0911,-35.2086,77.0,88,40,3.44,scattered clouds
250,Pucallpa,PE,-8.3791,-74.5539,73.74,93,52,2.91,broken clouds
251,Guerrero,MX,17.6667,-100.0,70.9,71,100,6.69,overcast clouds
252,Leningradskiy,RU,69.3833,178.4167,29.28,88,94,1.79,overcast clouds
253,Longavi,CL,-35.9667,-71.6833,52.5,67,0,5.19,clear sky
254,North Platte,US,41.1239,-100.7654,64.99,51,1,12.66,clear sky
255,Tervuren,BE,50.8237,4.5142,35.01,93,0,5.75,clear sky
256,Yerbogachen,RU,61.2767,108.0108,29.84,57,99,13.33,overcast clouds
257,Laguna,US,38.421,-121.4238,55.0,54,1,10.36,clear sky
258,Saint George,US,37.1041,-113.5841,70.0,14,1,0.92,clear sky
259,San Ramon,US,37.7799,-121.978,51.01,87,1,4.61,clear sky
260,Sambava,MG,-14.2667,50.1667,74.14,86,100,6.98,overcast clouds
261,Nouadhibou,MR,20.931,-17.0347,64.4,82,0,14.97,clear sky
262,Aksarka,RU,66.5606,67.7975,35.47,98,99,11.48,overcast clouds
263,Mackay,AU,-21.15,149.2,77.0,69,75,17.27,broken clouds
264,Hastings,GB,50.8552,0.5729,42.8,81,90,18.41,overcast clouds
265,Mitu,CO,1.1983,-70.1733,73.67,96,100,1.28,overcast clouds
266,Puerto Leguizamo,CO,-0.1934,-74.7819,72.9,97,100,0.76,overcast clouds
267,Cap-Chat,CA,49.1001,-66.6821,41.0,87,99,2.3,overcast clouds
268,Springbok,ZA,-29.6643,17.8865,58.77,49,99,3.71,overcast clouds
269,Biltine,TD,14.5333,20.9167,81.95,22,95,1.74,overcast clouds
270,Nemuro,JP,43.3236,145.575,42.8,31,20,14.97,few clouds
271,Tarime,TZ,-1.35,34.3667,66.2,94,20,3.2,few clouds
272,New Norfolk,AU,-42.7826,147.0587,66.2,42,40,17.27,scattered clouds
273,Karratha,AU,-20.7377,116.8463,88.25,20,0,15.64,clear sky
274,Bonga,ET,7.2833,36.2333,59.95,98,100,1.07,overcast clouds
275,Tamazunchale,MX,21.2667,-98.7833,75.04,79,78,2.35,broken clouds
276,Lalmohan,BD,22.3384,90.7419,91.76,43,0,6.15,clear sky
277,Saint-Augustin,CA,51.226,-58.6502,35.1,81,21,4.32,few clouds
278,Luwuk,ID,-0.9516,122.7875,85.93,65,68,6.2,broken clouds
279,Porto Velho,BR,-8.7619,-63.9039,77.0,94,40,2.3,moderate rain
280,Pampa,US,35.5362,-100.9599,73.4,16,1,17.27,clear sky
281,Faanui,PF,-16.4833,-151.75,81.39,63,15,1.81,few clouds
282,Opuwo,NA,-18.0607,13.84,61.52,60,0,2.3,clear sky
283,Port Macquarie,AU,-31.4333,152.9167,72.0,53,8,8.01,clear sky
284,Antalaha,MG,-14.9003,50.2788,74.03,86,98,4.94,overcast clouds
285,Bardiyah,LY,31.7561,25.0865,60.4,79,0,19.6,clear sky
286,Seoul,KR,37.5683,126.9778,68.0,52,75,6.91,broken clouds
287,Sharan,RU,54.8167,54.0,41.22,64,1,18.14,clear sky
288,Mount Gambier,AU,-37.8333,140.7667,59.0,77,90,8.05,overcast clouds
289,Paramonga,PE,-10.6667,-77.8333,66.22,89,36,7.78,scattered clouds
290,Nguru,NG,12.8791,10.4526,82.13,29,53,4.74,broken clouds
291,Djougou,BJ,9.7085,1.666,78.8,78,0,4.61,light rain
292,Ca Mau,VN,9.1769,105.15,94.21,44,56,6.91,broken clouds
293,Talara,PE,-4.5772,-81.2719,71.2,77,55,14.9,broken clouds
294,Ugoofaaru,MV,5.6667,73.0,83.55,70,5,2.73,clear sky
295,Kuching,MY,1.55,110.3333,89.6,66,40,4.61,scattered clouds
296,Venustiano Carranza,MX,19.43,-99.0992,68.0,52,75,9.22,broken clouds
297,Honiara,SB,-9.4333,159.95,84.72,77,84,4.45,broken clouds
298,Dali,CN,25.7,100.1833,78.31,19,0,6.24,clear sky
299,Ust-Tsilma,RU,65.441,52.1498,39.87,94,100,5.03,overcast clouds
300,Qaqortoq,GL,60.7167,-46.0333,50.0,32,90,29.93,light rain
301,Christchurch,NZ,-43.5333,172.6333,62.01,36,13,10.36,few clouds
302,Hamilton,US,39.1834,-84.5333,46.4,61,1,3.6,clear sky
303,Inhambane,MZ,-23.865,35.3833,67.77,92,0,4.05,clear sky
304,Tasiilaq,GL,65.6145,-37.6368,37.4,70,75,17.27,broken clouds
305,Cockburn Town,TC,21.4612,-71.1419,78.17,77,39,17.54,scattered clouds
306,Uyuni,BO,-20.4597,-66.825,37.76,26,0,9.28,clear sky
307,Ulenje,TZ,-8.9333,33.6833,53.87,95,37,3.04,scattered clouds
308,Merauke,ID,-8.4667,140.3333,82.96,73,99,4.05,overcast clouds
309,Cabo San Lucas,MX,22.8909,-109.9124,73.0,36,100,1.01,overcast clouds
310,Guerrero Negro,MX,27.9769,-114.0611,59.02,82,100,11.65,overcast clouds
311,Harboore,DK,56.6175,8.1807,36.0,19,23,5.32,few clouds
312,Bonthe,SL,7.5264,-12.505,80.51,83,98,7.14,overcast clouds
313,Fort Abbas,PK,29.1925,72.8536,94.5,8,0,8.01,clear sky
314,Kaoma,ZM,-14.7833,24.8,57.67,96,14,5.26,few clouds
315,Turukhansk,RU,65.8167,87.9833,23.09,70,32,3.38,scattered clouds
316,Assomada,CV,15.1,-23.6833,68.0,77,40,9.22,scattered clouds
317,Northam,GB,51.0333,-4.2167,42.01,83,32,13.0,scattered clouds
318,Sungaipenuh,ID,-2.0833,101.3833,79.21,62,94,1.52,overcast clouds
319,Isangel,VU,-19.55,169.2667,82.4,74,75,11.5,broken clouds
320,Khorixas,NA,-20.3667,14.9667,63.37,59,3,0.65,clear sky
321,Prince Rupert,CA,54.3161,-130.3201,51.8,54,1,6.91,clear sky
322,Bonavista,CA,48.6499,-53.1147,37.99,75,13,5.75,few clouds
323,Los Llanos De Aridane,ES,28.6585,-17.9182,66.2,72,90,9.33,overcast clouds
324,Gurlan,UZ,41.8447,60.3919,69.8,26,0,13.8,clear sky
325,High Rock,BS,26.6208,-78.2833,80.6,83,20,5.75,few clouds
326,Andenes,NO,69.3143,16.1194,35.6,64,90,12.66,light intensity drizzle
327,Abu Zabad,SD,12.35,29.25,78.73,62,100,8.21,overcast clouds
328,Nanortalik,GL,60.1432,-45.2371,37.27,93,100,4.56,moderate rain
329,Aasiaat,GL,68.7098,-52.8699,28.6,90,82,7.27,broken clouds
330,Vostok,RU,46.4856,135.8833,48.56,26,9,8.79,clear sky
331,Vadso,NO,70.0744,29.7487,28.4,74,75,10.36,broken clouds
332,Bengkulu,ID,-3.8004,102.2655,85.05,67,37,6.8,scattered clouds
333,Bonaventure,CA,48.0457,-65.4926,41.0,75,100,5.75,light rain
334,Phangnga,TH,8.4509,98.5298,91.99,79,20,9.22,few clouds
335,Vawkavysk,BY,53.1561,24.4513,28.4,80,0,8.95,clear sky
336,Beringovskiy,RU,63.05,179.3167,31.87,90,47,1.88,scattered clouds
337,Port Hardy,CA,50.6996,-127.4199,48.2,100,75,3.44,broken clouds
338,Maragogi,BR,-9.0122,-35.2225,77.59,83,44,7.07,scattered clouds
339,Narsaq,GL,60.9167,-46.05,50.0,32,90,29.93,light rain
340,Macusani,PE,-14.0833,-70.4333,34.16,88,61,4.63,broken clouds
341,Beloha,MG,-25.1667,45.05,70.66,74,0,5.61,clear sky
342,Mount Isa,AU,-20.7333,139.5,89.6,31,40,9.22,scattered clouds
343,Tumbagaan,PH,5.3656,120.3139,83.1,71,14,4.54,few clouds
344,Sault Sainte Marie,CA,46.5168,-84.3333,30.2,69,1,3.49,clear sky
345,Pirai Do Sul,BR,-24.5261,-49.9486,55.99,97,59,1.77,broken clouds
346,Filingue,NE,14.3521,3.3168,88.34,22,21,3.8,few clouds
347,Gushikawa,JP,26.3544,127.8686,78.8,50,20,11.5,few clouds
348,Iracoubo,GF,5.4802,-53.2011,76.62,90,100,8.9,overcast clouds
349,Dikson,RU,73.5069,80.5464,19.18,93,100,21.16,light snow
350,Haimen,CN,23.1935,116.6142,80.6,47,0,6.71,clear sky
351,Sinnamary,GF,5.3833,-52.95,77.09,89,100,9.8,light rain
352,Yaan,NG,7.3833,8.5667,75.9,83,100,5.35,overcast clouds
353,Houma,US,29.5958,-90.7195,62.01,88,1,2.68,clear sky
354,Acarau,BR,-2.8856,-40.12,76.91,84,8,8.21,clear sky
355,Neiafu,TO,-18.65,-173.9833,82.4,74,20,6.91,few clouds
356,Kurilsk,RU,45.2333,147.8833,31.62,71,8,15.59,clear sky
357,Teya,RU,60.3778,92.6267,38.95,57,47,4.88,scattered clouds
358,San Miguel De Cauri,PE,-10.1,-76.5833,45.66,91,81,2.64,broken clouds
359,San Juan,AR,-31.5375,-68.5364,63.66,47,0,4.05,clear sky
360,Rio Branco,BR,-9.9747,-67.81,71.6,100,75,2.3,heavy intensity rain
361,Tiksi,RU,71.6872,128.8694,27.09,94,100,13.73,light snow
362,Olafsvik,IS,64.8945,-23.7142,39.47,87,12,11.81,few clouds
363,Dauriya,RU,49.9333,116.8667,66.2,26,53,23.35,broken clouds
364,Aktau,KZ,43.65,51.2,51.8,87,75,6.71,broken clouds
365,Port Moresby,PG,-9.4431,147.1797,89.6,62,40,12.66,haze
366,Mishan,CN,45.55,131.8833,57.74,21,89,6.22,overcast clouds
367,Westport,US,41.1415,-73.3579,52.0,76,75,6.91,broken clouds
368,Maceio,BR,-9.6658,-35.7353,73.4,94,0,4.61,clear sky
369,Samarai,PG,-10.6167,150.6667,85.98,69,72,12.06,broken clouds
370,Lamu,KE,-2.2717,40.902,81.23,80,71,8.72,broken clouds
371,Colesberg,ZA,-30.72,25.0972,57.9,33,100,2.77,overcast clouds
372,Nuuk,GL,64.1835,-51.7216,37.4,87,75,5.75,broken clouds
373,Luderitz,NA,-26.6481,15.1594,61.7,88,96,3.42,overcast clouds
374,Cherskiy,RU,68.75,161.3,22.69,72,91,6.46,overcast clouds
375,Coihaique,CL,-45.5752,-72.0662,44.92,97,80,5.5,broken clouds
376,Shetpe,KZ,44.1667,52.1167,66.29,38,65,7.83,broken clouds
377,Pacific Grove,US,36.6177,-121.9166,53.6,76,75,3.44,broken clouds
378,Samastipur,IN,25.85,85.7833,98.6,7,1,8.7,clear sky
379,Puerto Escondido,MX,15.85,-97.0667,82.4,78,40,4.61,scattered clouds
380,Beruwala,LK,6.4788,79.9828,84.09,71,89,3.4,overcast clouds
381,Alyangula,AU,-13.8483,136.4192,77.0,100,75,4.61,light rain
382,Ushibuka,JP,32.1906,130.0228,66.34,44,100,1.63,overcast clouds
383,Chulman,RU,56.8479,124.9104,37.06,94,100,2.57,overcast clouds
384,Grindavik,IS,63.8424,-22.4338,37.4,93,0,11.5,clear sky
385,Pevek,RU,69.7008,170.3133,25.61,84,99,2.33,overcast clouds
386,Nyrsko,CZ,49.2939,13.1435,34.0,92,100,3.58,overcast clouds
387,Marawi,PH,7.9986,124.2928,82.99,80,94,5.99,overcast clouds
388,Wilmington,US,34.2257,-77.9447,55.4,88,40,3.94,scattered clouds
389,Bambanglipuro,ID,-7.95,110.2833,85.93,62,5,6.96,clear sky
390,Itapage,BR,-3.6867,-39.5861,69.8,94,8,2.33,clear sky
391,Pocone,BR,-16.2567,-56.6228,68.63,96,100,4.25,overcast clouds
392,Cayenne,GF,4.9333,-52.3333,77.0,94,75,8.05,broken clouds
393,Shimoda,JP,34.6667,138.95,59.0,38,20,14.97,few clouds
394,Srednekolymsk,RU,67.45,153.6833,26.58,66,12,8.79,few clouds
395,Caravelas,BR,-17.7125,-39.2481,74.73,86,2,6.26,clear sky
396,Timaru,NZ,-44.4,171.25,61.0,27,97,8.01,overcast clouds
397,Komsomolskiy,UZ,40.4272,71.7189,71.6,30,2,4.61,clear sky
398,Pokosnoye,RU,55.5258,101.0536,33.55,93,100,12.17,overcast clouds
399,Pisco,PE,-13.7,-76.2167,64.0,88,0,1.14,mist
400,Sorong,ID,-0.8833,131.25,85.93,64,34,5.61,scattered clouds
401,Uvelskiy,RU,54.4446,61.3574,45.54,44,0,14.23,clear sky
402,Vardo,NO,70.3705,31.1107,28.4,74,75,10.36,broken clouds
403,Aykhal,RU,66.0,111.5,11.75,90,100,30.53,light snow
404,Llangefni,GB,53.2556,-4.3106,42.01,87,17,4.61,few clouds
405,Koudougou,BF,12.25,-2.3667,85.68,40,51,9.78,broken clouds
406,Bowen,AU,-20.0167,148.2333,77.0,65,90,19.57,overcast clouds
407,Lazaro Cardenas,MX,17.9583,-102.2,76.23,75,97,3.22,overcast clouds
408,Brooks,CA,50.5834,-111.8851,34.0,80,96,1.14,overcast clouds
409,San Patricio,US,28.017,-97.5169,75.2,83,40,9.22,scattered clouds
410,Cangzhou,CN,38.3167,116.8667,62.44,23,100,7.0,overcast clouds
411,Muros,ES,42.7762,-9.0603,53.01,95,16,1.99,few clouds
412,Vila Franca Do Campo,PT,37.7167,-25.4333,57.2,88,75,11.5,broken clouds
413,Aleksandrov Gay,RU,50.147,48.5704,46.27,52,100,4.09,overcast clouds
414,Filadelfia,US,39.9523,-75.1638,57.2,47,20,13.8,few clouds
415,Pilar,BR,-9.5972,-35.9567,73.4,94,0,4.61,clear sky
416,Rio Cuarto,AR,-33.1307,-64.3499,51.01,86,0,5.01,clear sky
417,Bukachacha,RU,52.9833,116.9167,40.53,80,100,7.29,overcast clouds
418,Rocha,UY,-34.4833,-54.3333,57.69,83,64,6.78,broken clouds
419,Sao Joao Da Barra,BR,-21.6403,-41.0511,73.51,92,67,5.79,broken clouds
420,Poum,NC,-20.2333,164.0167,77.4,69,43,22.97,scattered clouds
421,Kichmengskiy Gorodok,RU,59.9816,45.7854,37.26,98,100,3.33,moderate rain
422,Vredendal,ZA,-31.6683,18.5012,59.43,87,98,1.7,overcast clouds
423,Mana,GF,5.6592,-53.7767,76.26,92,100,7.23,overcast clouds
424,Verkhnevilyuysk,RU,63.4453,120.3167,31.8,92,100,9.91,overcast clouds
425,Ust-Koksa,RU,50.2696,85.6108,39.31,47,96,2.62,overcast clouds
426,Muli,MV,2.9167,73.5667,82.96,69,78,3.8,broken clouds
427,Aklavik,CA,68.2191,-135.0107,14.0,85,100,6.91,overcast clouds
428,Longhua,CN,23.6137,114.1919,70.48,88,100,2.13,overcast clouds
429,Bauska,LV,56.4075,24.1906,33.8,100,90,2.3,light rain
430,Santarem,BR,-2.4431,-54.7083,78.8,100,75,5.75,broken clouds
431,Tabory,RU,58.5198,64.5495,45.77,56,2,10.56,clear sky
432,Kondoa,TZ,-4.9,35.7833,61.48,96,71,2.66,broken clouds
433,Pontianak,ID,-0.0333,109.3333,87.8,70,75,6.91,broken clouds
434,Ouesso,CG,1.6136,16.0517,71.01,93,99,2.24,light rain
435,Berezovyy,RU,51.6667,135.7,54.95,31,100,4.68,overcast clouds
436,Ardakan,IR,32.31,54.0175,77.0,25,40,6.91,scattered clouds
437,Antofagasta,CL,-23.65,-70.4,57.2,82,0,4.61,clear sky
438,Henties Bay,NA,-22.116,14.2845,60.01,93,3,1.99,clear sky
439,Dawei,MM,14.0833,98.2,88.16,60,100,6.2,overcast clouds
440,Sakakah,SA,29.9697,40.2064,73.4,25,0,6.91,clear sky
441,Eureka,US,40.8021,-124.1637,50.0,81,81,3.69,broken clouds
442,Sovetskiy,RU,61.3614,63.5842,42.98,69,100,9.48,overcast clouds
443,Vryburg,ZA,-26.9566,24.7284,55.51,35,77,4.16,broken clouds
444,Pandan,PH,14.0453,124.1694,81.73,64,71,8.32,broken clouds
445,Itarema,BR,-2.9248,-39.9167,76.59,84,9,7.56,clear sky
446,Mumford,GH,5.2618,-0.759,80.13,84,85,6.62,light rain
447,Dong Hoi,VN,17.4833,106.6,86.32,74,81,8.61,broken clouds
448,Wanaka,NZ,-44.7,169.15,50.0,81,89,1.99,overcast clouds
449,Neryungri,RU,56.6709,124.6491,37.71,92,100,2.98,overcast clouds
450,Ahipara,NZ,-35.1667,173.1667,63.14,65,22,7.67,few clouds
451,Arroyo,ES,41.6096,-4.7969,50.0,100,40,3.44,scattered clouds
452,Meadow Lake,US,34.8014,-106.5436,69.8,7,40,9.22,scattered clouds
453,Jablanica,BA,43.6603,17.7617,42.8,87,0,2.3,clear sky
454,Elko,US,41.0002,-115.5012,39.2,87,90,4.61,light rain
455,Tommot,RU,58.9564,126.2925,39.97,91,100,8.34,light rain
456,Adrar,MR,20.5022,-10.0711,76.91,21,48,9.64,scattered clouds
457,Bintulu,MY,3.1667,113.0333,89.6,66,40,2.3,scattered clouds
458,Catamarca,AR,-28.4696,-65.7852,57.0,90,0,8.9,clear sky
459,Pasni,PK,25.2631,63.471,82.11,74,85,8.37,overcast clouds
460,Tara,RU,56.8944,74.371,49.53,48,77,12.28,broken clouds
461,Tucuman,AR,-26.8241,-65.2226,60.8,82,0,3.44,clear sky
462,Leipzig,DE,51.342,12.375,32.0,74,0,2.3,clear sky
463,Hokitika,NZ,-42.7167,170.9667,55.33,78,96,21.05,moderate rain
464,Hope,US,33.6671,-93.5916,61.0,56,0,1.01,clear sky
465,Mirabad,AF,30.4362,61.8383,82.54,15,95,11.45,overcast clouds
466,Novokizhinginsk,RU,51.6115,109.5917,33.6,85,100,18.28,light snow
467,Keokuk,US,40.3973,-91.3849,54.0,66,1,8.05,clear sky
468,Nushki,PK,29.5542,66.0215,81.64,17,0,5.99,clear sky
469,Kholodnyy,RU,62.7167,147.95,14.72,64,32,3.85,scattered clouds
470,Malatya,TR,38.5,38.0,53.6,71,40,6.91,scattered clouds
471,Binzhou,CN,37.3667,118.0167,48.38,87,100,2.71,light rain
472,Huanren,CN,41.2647,125.3667,67.68,20,99,8.08,overcast clouds
473,West Bay,KY,19.3667,-81.4167,80.6,78,0,2.3,clear sky
474,Dzaoudzi,YT,-12.7887,45.2699,78.8,94,20,8.05,few clouds
475,Bambous Virieux,MU,-20.3428,57.7575,77.0,88,75,14.97,light rain
476,Porbandar,IN,21.6422,69.6093,91.4,49,0,16.11,clear sky
477,Tilichiki,RU,60.4667,166.1,31.84,97,100,4.88,overcast clouds
478,Rodrigues Alves,BR,-7.738,-72.6509,72.41,98,100,4.03,overcast clouds
479,Santa Isabel,BR,-23.3156,-46.2214,66.2,88,0,2.3,clear sky
480,Asau,RO,46.4333,26.4,37.99,64,64,1.01,broken clouds
481,Kirovsk,UA,48.6375,38.6428,44.51,52,100,3.4,overcast clouds
482,Bacolod,PH,10.6667,122.95,86.36,63,60,7.52,broken clouds
483,Viseu,PT,40.661,-7.9097,46.0,93,77,2.51,broken clouds
484,Gandajika,CD,-6.75,23.95,64.62,92,62,2.04,broken clouds
485,Kahului,US,20.8947,-156.47,73.4,83,40,18.41,scattered clouds
486,Qui Nhon,VN,13.7667,109.2333,85.15,71,29,10.89,scattered clouds
487,Miles City,US,46.4083,-105.8406,46.4,93,90,10.36,overcast clouds
488,Mata,PT,40.683,-7.4592,46.0,93,67,1.88,broken clouds
489,Catabola,AO,-12.15,17.2833,59.25,67,67,0.36,broken clouds
490,Saint-Pierre,RE,-21.3393,55.4781,78.8,69,0,18.41,clear sky
491,Mantua,IT,45.1667,10.7833,57.99,70,100,7.0,overcast clouds
492,Saint-Francois,FR,46.4154,3.9054,53.6,50,0,6.91,clear sky
493,Toppenish,US,46.3774,-120.3087,54.0,54,40,6.2,scattered clouds
494,Salym,RU,60.0625,71.4789,48.63,55,100,12.71,overcast clouds
495,Bethanien,NA,-26.502,17.1583,65.28,42,97,4.9,overcast clouds
496,Kudahuvadhoo,MV,2.6708,72.8944,82.85,69,72,4.0,broken clouds
497,Bajil,YE,15.0584,43.2851,82.6,70,94,4.41,overcast clouds
498,Chihuahua,MX,28.5,-106.0,78.8,7,75,4.61,broken clouds
499,Wanlaweyn,SO,2.6185,44.8938,80.83,77,75,6.8,broken clouds
500,Dicabisagan,PH,17.0818,122.4157,79.45,74,61,8.84,broken clouds
501,Salalah,OM,17.0151,54.0924,84.2,70,40,2.3,scattered clouds
502,Hollins,US,37.3413,-79.9431,51.01,77,6,6.62,clear sky
503,Tongren,CN,27.7172,109.1853,62.8,83,98,2.64,overcast clouds
504,Calama,CL,-22.4667,-68.9333,41.0,33,0,19.57,clear sky
505,Mezen,RU,65.8522,44.24,40.82,93,100,4.9,overcast clouds
506,Aljezur,PT,37.3191,-8.8033,58.1,93,91,8.77,overcast clouds
507,Yar-Sale,RU,66.8333,70.8333,33.49,99,100,15.01,overcast clouds
508,Puerto Ayacucho,VE,5.6639,-67.6236,74.71,89,100,4.03,overcast clouds
509,Barabai,ID,-2.5833,115.3833,93.07,50,54,2.98,broken clouds
510,Sisimiut,GL,66.9395,-53.6735,38.41,76,97,5.75,overcast clouds
511,Jacareacanga,BR,-6.2222,-57.7528,73.58,98,42,1.3,scattered clouds
512,Kudat,MY,6.8837,116.8477,84.2,84,40,2.3,scattered clouds
513,Dunedin,NZ,-45.8742,170.5036,46.99,85,86,28.01,overcast clouds
514,Bedesa,ET,8.9,40.7833,61.43,95,100,4.29,light rain
515,Mweka,CD,-4.85,21.5667,67.98,99,95,1.68,overcast clouds
516,Scarborough,GB,54.2797,-0.4044,35.01,91,27,0.89,scattered clouds
517,Motegi,JP,36.5167,140.1833,66.0,22,20,4.61,few clouds
518,Dingle,PH,10.9995,122.6711,90.7,50,68,8.12,broken clouds
519,Mersing,MY,2.4312,103.8405,89.6,79,40,6.91,scattered clouds
520,Grand Gaube,MU,-20.0064,57.6608,77.0,85,100,5.99,light rain
521,Roma,US,43.2128,-75.4557,39.2,65,90,16.11,overcast clouds
522,Toritama,BR,-8.0067,-36.0567,68.76,96,14,2.75,few clouds
523,Southbridge,US,42.0751,-72.0334,48.0,71,45,5.01,scattered clouds
524,Ayan,RU,56.45,138.1667,31.93,82,92,5.21,overcast clouds
525,Usevya,TZ,-7.1,31.2333,63.95,98,90,3.29,overcast clouds
526,Safidon,IN,29.4167,76.6667,92.93,8,0,6.91,clear sky
527,Kieta,PG,-6.2167,155.6333,85.73,66,23,6.82,few clouds
528,Akhmim,EG,26.5622,31.745,75.2,17,0,13.8,clear sky
529,Bushenyi,UG,-0.5853,30.2114,59.16,95,99,1.77,overcast clouds
530,Kattivakkam,IN,13.2167,80.3167,87.8,66,40,5.75,scattered clouds
531,Zabol,AF,32.25,67.25,69.98,9,2,4.59,clear sky
532,Camacupa,AO,-12.0167,17.4833,59.52,65,66,1.3,broken clouds
533,Shibetsu,JP,43.659,145.132,42.8,26,20,11.5,few clouds
534,Baranchinskiy,RU,58.1617,59.6991,39.72,73,44,13.35,scattered clouds
535,Jodhpur,IN,26.2867,73.03,94.68,6,0,3.89,clear sky
536,Terenos,BR,-20.4422,-54.8603,68.0,88,75,8.05,broken clouds
537,Brae,GB,60.3964,-1.353,44.6,93,100,8.05,overcast clouds
538,Shiyan,CN,32.6475,110.7781,69.26,60,100,3.09,overcast clouds
539,Beibei,CN,29.8256,106.4339,64.4,88,75,4.47,broken clouds
540,Taywarah,AF,33.35,64.4167,57.99,20,29,2.44,scattered clouds
541,Salmas,IR,38.1973,44.7653,59.0,58,75,6.91,broken clouds
542,La Paz,BO,-16.5,-68.15,33.8,100,20,5.75,fog
543,Nikitinskiy,RU,54.5845,86.0115,46.26,55,100,6.38,overcast clouds
544,Orkney,ZA,-26.9802,26.6727,52.63,42,61,1.92,broken clouds
545,Juba,SS,4.8517,31.5825,70.75,90,100,0.4,overcast clouds
546,Yaring,TH,6.8662,101.3689,89.6,58,20,3.44,few clouds
547,Deputatskiy,RU,69.3,139.9,28.2,81,74,3.71,broken clouds
548,Gulu,UG,2.7746,32.299,64.0,97,100,1.79,overcast clouds
549,Champerico,GT,14.3,-91.9167,68.0,95,87,4.18,overcast clouds
550,Camacari,BR,-12.6975,-38.3242,78.8,78,40,8.05,scattered clouds
551,Kabo,CF,7.6994,18.629,72.3,89,100,4.88,overcast clouds
552,San Rafael,AR,-34.6177,-68.3301,58.48,57,0,4.12,clear sky
553,Lakes Entrance,AU,-37.8811,147.981,64.99,64,9,3.0,clear sky
554,Tanout,NE,14.9709,8.8879,83.1,14,64,7.45,broken clouds
555,Christiana,ZA,-27.914,25.1611,55.6,36,64,3.76,broken clouds
556,Marzuq,YE,14.4,46.4667,72.05,59,53,3.27,broken clouds
557,Watertown,US,42.3709,-71.1828,48.99,93,1,3.44,clear sky
558,Quatre Cocos,MU,-20.2078,57.7625,77.0,88,75,14.97,light rain
559,Mormugao,IN,15.4,73.8,83.68,66,93,0.81,overcast clouds
560,Awbari,LY,26.5921,12.7805,70.11,25,12,9.1,few clouds
561,Saint-Joseph,RE,-21.3667,55.6167,78.8,69,0,18.41,light rain
562,Rosario,AR,-32.9468,-60.6393,55.99,87,0,1.14,clear sky
563,Alice Springs,AU,-23.7,133.8833,78.8,22,0,12.66,clear sky
564,Kamenka,RU,51.3223,42.7678,42.01,55,100,4.38,overcast clouds
565,Road Town,VG,18.4167,-64.6167,79.0,88,4,1.01,clear sky
566,Porto Novo,BJ,6.4965,2.6036,84.2,79,40,8.05,light rain
567,Paamiut,GL,61.994,-49.6678,33.98,99,100,6.08,light snow
568,Hajipur,IN,25.6833,85.2167,87.8,16,20,7.72,haze
569,Puerto Del Rosario,ES,28.5004,-13.8627,66.2,77,0,4.61,clear sky
570,Puertollano,ES,38.6871,-4.1073,52.0,95,92,2.77,overcast clouds
571,Kargasok,RU,59.0556,80.8572,41.67,85,99,9.35,overcast clouds
572,Tutoia,BR,-2.7619,-42.2744,78.21,84,61,7.67,broken clouds
573,Ixtapa,MX,20.7,-105.2,78.01,78,40,0.72,scattered clouds
574,Solnechnyy,RU,50.7214,136.6319,51.42,32,69,4.74,broken clouds
575,Sabla,NG,12.7525,4.7077,84.76,48,78,11.36,broken clouds
576,Mayo,US,38.8876,-76.5119,57.2,54,1,5.75,clear sky
577,Bandarbeyla,SO,9.4942,50.8122,82.71,68,86,5.79,overcast clouds
578,Ostrogozhsk,RU,50.8664,39.0756,41.49,65,93,3.29,overcast clouds
579,San Policarpo,PH,12.1791,125.5072,81.82,66,12,12.26,few clouds
580,Kuusamo,FI,65.9667,29.1833,28.4,86,75,10.36,light snow
581,Vestmannaeyjar,IS,63.4427,-20.2734,44.49,82,2,7.38,clear sky
582,Sharjah,AE,25.3573,55.4033,87.8,18,0,3.44,clear sky
583,Bani,DO,18.2833,-70.3333,74.26,78,9,6.35,clear sky
584,Araouane,ML,18.9048,-3.5265,85.15,16,24,2.84,few clouds
585,Olinda,BR,-8.0089,-34.8553,78.8,69,40,6.91,scattered clouds
586,Manyana,BW,-23.4,21.7167,60.15,31,2,5.91,clear sky
587,Kainantu,PG,-6.2887,145.8655,69.55,71,100,3.83,overcast clouds
588,Tonekabon,IR,36.8163,50.8738,62.6,88,40,2.3,scattered clouds
589,Sabang,ID,5.8933,95.3214,83.53,71,94,8.32,overcast clouds
590,Ust-Nera,RU,64.5667,143.2,22.84,80,100,5.86,overcast clouds
591,Nsukka,NG,6.8561,7.3927,80.6,83,0,2.3,clear sky
592,Klaksvik,FO,62.2266,-6.589,42.8,100,100,18.41,overcast clouds
593,Zhigansk,RU,66.7697,123.3711,25.68,94,100,15.99,snow
594,Sola,VU,-13.8833,167.55,87.8,74,40,5.75,scattered clouds
595,Gemena,CD,3.25,19.7667,69.53,92,93,2.06,overcast clouds
596,Rio Gallegos,AR,-51.6226,-69.2181,51.8,54,40,12.66,scattered clouds
597,Waingapu,ID,-9.6567,120.2641,84.85,54,25,12.97,scattered clouds
598,Trinidad,BO,-14.8333,-64.9,65.75,96,99,3.85,overcast clouds
599,Staryy Nadym,RU,65.6118,72.6842,34.11,97,100,19.06,overcast clouds
600,Escanaba,US,45.7453,-87.0646,34.0,47,90,4.9,overcast clouds
601,Flagstaff,US,35.1981,-111.6513,55.0,20,1,13.8,clear sky
602,Krasnorechenskiy,RU,44.6265,135.3532,51.98,23,28,9.64,scattered clouds
603,Hatillo,PR,18.4863,-66.8254,73.99,81,10,6.38,clear sky
604,Fershampenuaz,RU,53.5202,59.8117,43.61,49,21,13.29,few clouds
605,Sidrolandia,BR,-20.9319,-54.9614,68.0,88,75,8.05,broken clouds
606,Sunrise,US,26.1577,-80.2861,80.01,83,1,9.22,clear sky
607,Sanary-Sur-Mer,FR,43.1178,5.8001,59.0,69,98,1.01,overcast clouds
608,Gilbues,BR,-9.8317,-45.3439,72.1,89,99,1.16,overcast clouds
609,Tatawin,TN,32.9297,10.4518,57.2,72,100,6.42,overcast clouds
610,Acapulco,MX,16.8634,-99.8901,79.84,73,90,2.08,overcast clouds
611,Joshimath,IN,30.5667,79.5667,68.41,30,0,1.86,clear sky
612,Noumea,NC,-22.2763,166.4572,77.0,65,40,11.5,scattered clouds
613,Agadez,NE,19.75,10.25,80.28,13,4,2.53,clear sky
614,San Leandro,US,37.7249,-122.1561,52.0,71,40,9.22,scattered clouds
615,Nome,US,64.5011,-165.4064,44.6,57,90,5.75,overcast clouds
616,Luanda,AO,-8.8368,13.2343,78.8,94,75,3.44,broken clouds
617,Bytow,PL,54.1706,17.4919,32.0,90,35,3.74,scattered clouds
618,Port Lincoln,AU,-34.7333,135.8667,66.36,62,3,8.05,clear sky
619,Amlagora,IN,22.8333,87.3333,100.63,11,3,7.85,clear sky
620,San Lazaro,BZ,18.0387,-88.6622,73.2,93,9,4.47,clear sky
621,Saldanha,ZA,-33.0117,17.9442,60.8,94,12,10.36,few clouds
622,Moreira Sales,BR,-24.0622,-53.0069,59.56,93,82,4.45,broken clouds
623,Hambantota,LK,6.1241,81.1185,84.2,94,20,3.44,few clouds
624,Tual,ID,-5.6667,132.75,83.05,70,73,8.84,broken clouds
625,Tessalit,ML,20.1986,1.0114,84.18,9,9,8.7,clear sky
626,Jiuquan,CN,39.7432,98.5174,50.76,10,1,13.15,clear sky
627,Palana,RU,59.1167,159.9667,26.01,90,99,3.38,overcast clouds
628,Karasjok,NO,69.4719,25.5112,32.0,80,75,8.05,broken clouds
629,Saint-Georges,GD,12.0564,-61.7485,78.8,78,20,12.66,few clouds
630,Poronaysk,RU,49.2167,143.1167,37.51,50,94,8.23,overcast clouds
631,Azovo,RU,54.6997,73.0237,57.2,41,40,6.71,scattered clouds
632,Kununurra,AU,-15.7667,128.7333,91.4,33,40,9.22,scattered clouds
633,Sur,OM,22.5667,59.5289,88.86,38,19,3.74,few clouds
634,Savannah Bight,HN,16.45,-85.85,81.0,90,42,1.99,scattered clouds
635,Coahuayana,MX,18.7333,-103.6833,72.34,87,84,1.48,broken clouds
636,Hervey Bay,AU,-25.2986,152.8535,77.0,59,47,5.99,scattered clouds
637,Thai Nguyen,VN,21.5928,105.8442,75.2,88,0,2.3,clear sky
638,Pervomayskiy,RU,53.2485,40.2871,39.99,61,2,8.21,clear sky
639,Awjilah,LY,29.1081,21.2869,59.02,64,0,7.58,clear sky
640,Morro Bay,US,35.3658,-120.8499,54.0,92,100,1.99,overcast clouds
641,Nova Floresta,BR,-6.4553,-36.2033,68.34,93,50,11.92,scattered clouds
642,Penzance,GB,50.1186,-5.5371,46.0,81,20,23.2,few clouds
643,Phuket,TH,8.0,98.25,86.0,79,20,9.22,few clouds
644,Taltal,CL,-25.4,-70.4833,61.36,83,0,1.05,clear sky
645,Madang,PG,-5.2246,145.7966,85.48,60,100,5.12,overcast clouds
646,Varena,LT,54.2167,24.5667,30.2,86,90,5.75,light snow
647,Gilgit,PK,35.9221,74.3087,60.78,31,3,3.78,clear sky
648,Galesong,ID,-5.3166,119.3661,91.4,62,20,4.61,few clouds
649,Phalaborwa,ZA,-23.943,31.1411,59.0,94,0,2.3,clear sky
650,Dunda,TZ,-8.1167,34.25,64.08,91,54,1.63,broken clouds
651,Sawakin,SD,19.1059,37.3321,81.97,76,0,3.49,clear sky
652,San Andres,CO,12.5847,-81.7006,80.6,78,40,9.22,scattered clouds
653,Camopi,GF,3.1655,-52.3158,72.25,99,100,1.1,overcast clouds
654,Giddalur,IN,15.35,78.9167,90.81,32,92,5.61,overcast clouds
655,Amapa,BR,1.0,-52.0,70.05,99,100,0.89,overcast clouds
656,Yatou,CN,37.15,122.3833,62.2,56,60,12.82,broken clouds
657,Belmonte,BR,-15.8631,-38.8828,75.2,83,40,3.44,scattered clouds
658,Kodino,RU,63.7198,39.6447,38.73,93,100,7.99,light rain
659,Takoradi,GH,4.8845,-1.7554,79.5,86,100,5.28,overcast clouds
660,Miraflores,MX,19.2167,-98.8083,68.0,52,75,9.22,broken clouds
661,Broome,US,42.2506,-75.833,37.99,69,90,17.27,overcast clouds
662,Kutum,SD,14.2,24.6667,71.82,14,33,9.08,scattered clouds
663,Verkhniye Sergi,RU,56.6469,59.5556,38.75,75,31,12.97,scattered clouds
664,Salamanca,ES,40.8333,-6.0,48.2,87,0,2.3,clear sky
665,Nikolayevsk-Na-Amure,RU,53.1406,140.73,40.14,49,67,2.8,broken clouds
666,Udachnyy,RU,66.4167,112.4,15.98,81,100,25.77,overcast clouds
667,Pyryatyn,UA,50.2445,32.5107,32.63,99,100,9.44,snow
668,Jensen Beach,US,27.2545,-80.2298,77.0,73,1,4.61,clear sky
669,San Luis,AR,-33.295,-66.3356,57.18,68,0,6.13,clear sky
670,Andros Town,BS,24.7,-77.7667,75.2,88,0,2.3,clear sky
671,Valleyview,CA,55.0667,-117.2859,44.6,26,100,5.75,overcast clouds
672,Sinop,TR,41.7711,34.8709,43.68,90,89,2.64,overcast clouds
673,Abha,SA,18.2164,42.5053,62.6,63,40,8.12,scattered clouds
674,Ongwediva,NA,-17.7833,15.7667,57.2,62,0,3.44,clear sky
675,Tazmalt,DZ,36.3868,4.3989,62.78,50,68,6.22,broken clouds
676,Manicore,BR,-5.8092,-61.3003,77.0,100,75,4.61,very heavy rain
677,Stokmarknes,NO,68.5646,14.9108,36.0,80,100,3.36,overcast clouds
678,Taoudenni,ML,22.6783,-3.9836,85.69,16,8,8.03,clear sky
679,Sibolga,ID,1.7427,98.7792,86.14,62,90,3.98,overcast clouds
680,Dudinka,RU,69.4058,86.1778,14.95,88,100,9.89,overcast clouds
681,Eydhafushi,MV,5.1033,73.0708,83.43,70,11,2.35,few clouds
